﻿<?xml version="1.0" encoding="utf-8"?>
<Selection>
  <FullTileList>
    <string>N89E000</string>
    <string>N89E090</string>
    <string>N89W090</string>
    <string>N89W180</string>
    <string>S01E000</string>
    <string>S01E090</string>
    <string>S01W090</string>
    <string>S01W180</string>
  </FullTileList>
  <TilesList>
    <string>0x2048</string>
    <string>0x-2560</string>
    <string>1024x2048</string>
    <string>-1024x2048</string>
    <string>1024x-2560</string>
    <string>-1024x-2560</string>
    <string>1536x2048</string>
    <string>-1536x2048</string>
    <string>1536x-2560</string>
    <string>-1536x-2560</string>
    <string>2048x2048</string>
    <string>-2048x2048</string>
    <string>2048x-2560</string>
    <string>-2048x-2560</string>
    <string>2560x2048</string>
    <string>-2560x2048</string>
    <string>2560x-2560</string>
    <string>-2560x-2560</string>
    <string>3072x2048</string>
    <string>-3072x2048</string>
    <string>3072x-2560</string>
    <string>-3072x-2560</string>
    <string>3584x2048</string>
    <string>-3584x2048</string>
    <string>3584x-2560</string>
    <string>-3584x-2560</string>
    <string>4096x0</string>
    <string>4096x1024</string>
    <string>4096x-1024</string>
    <string>4096x1536</string>
    <string>4096x-1536</string>
    <string>4096x2048</string>
    <string>4096x-2048</string>
    <string>-4096x2048</string>
    <string>4096x-2560</string>
    <string>-4096x-2560</string>
    <string>4096x512</string>
    <string>4096x-512</string>
    <string>-4608x0</string>
    <string>-4608x1024</string>
    <string>-4608x-1024</string>
    <string>-4608x1536</string>
    <string>-4608x-1536</string>
    <string>-4608x2048</string>
    <string>-4608x-2048</string>
    <string>-4608x-2560</string>
    <string>-4608x512</string>
    <string>-4608x-512</string>
    <string>512x2048</string>
    <string>-512x2048</string>
    <string>512x-2560</string>
    <string>-512x-2560</string>
    <string>N89E000</string>
    <string>N89E090</string>
    <string>N89W090</string>
    <string>N89W180</string>
    <string>S01E000</string>
    <string>S01E090</string>
    <string>S01W090</string>
    <string>S01W180</string>
  </TilesList>
  <SpawnTile>N89E000</SpawnTile>
  <VoidBarrier>512</VoidBarrier>
  <VoidTiles>52</VoidTiles>
</Selection>