{"stats":{"minecraft:custom":{"minecraft:jump":35,"minecraft:time_since_rest":3237,"minecraft:damage_dealt":10,"minecraft:leave_game":1,"minecraft:sprint_one_cm":3889,"minecraft:damage_taken":160,"minecraft:play_time":3237,"minecraft:walk_on_water_one_cm":5610,"minecraft:time_since_death":3237,"minecraft:walk_one_cm":301,"minecraft:sneak_time":28,"minecraft:total_world_time":3237,"minecraft:walk_under_water_one_cm":7503,"minecraft:swim_one_cm":11807,"minecraft:fall_one_cm":627,"minecraft:fly_one_cm":33025}},"DataVersion":3337}